passed,failed
,https://www.naukri.com/job-listings-data-engineer-circle-k-stores-inc-kolkata-mumbai-new-delhi-hyderabad-pune-chennai-bengaluru-3-to-8-years-090725500511
,https://www.naukri.com/job-listings-python-data-engineer-helios-placement-solution-mumbai-pune-bengaluru-3-to-8-years-080725021884
,https://www.naukri.com/job-listings-data-engineer-the-lifetime-value-co-kolkata-mumbai-new-delhi-hyderabad-pune-chennai-bengaluru-1-to-2-years-020725505762
,https://www.naukri.com/job-listings-data-engineer-ssis-and-tableau-tech-stalwart-solution-private-limited-kolkata-mumbai-new-delhi-hyderabad-pune-chennai-bengaluru-3-to-8-years-250225501354
,https://www.naukri.com/job-listings-data-engineer-sapaad-software-kolkata-mumbai-new-delhi-hyderabad-pune-chennai-bengaluru-2-to-7-years-260624500498
,https://www.naukri.com/job-listings-data-engineer-star4rall-it-solutions-private-limited-kolkata-mumbai-new-delhi-hyderabad-pune-chennai-bengaluru-1-to-5-years-170323502153
,https://www.naukri.com/job-listings-data-engineer-arsr-technologies-kolkata-mumbai-new-delhi-hyderabad-pune-chennai-bengaluru-1-to-3-years-301020500936
,https://www.naukri.com/job-listings-strong-middle-data-engineer-intellias-kolkata-mumbai-new-delhi-hyderabad-pune-chennai-bengaluru-3-to-6-years-070725502717
,https://www.naukri.com/job-listings-data-engineer-etl-go-databricks-instinctools-kolkata-mumbai-new-delhi-hyderabad-pune-chennai-bengaluru-2-to-6-years-230425503776
,https://www.naukri.com/job-listings-data-engineer-databricks-inorg-global-kolkata-mumbai-new-delhi-hyderabad-pune-chennai-bengaluru-3-to-8-years-020725504644
,https://www.naukri.com/job-listings-data-engineer-databricks-inorg-global-kolkata-mumbai-new-delhi-hyderabad-pune-chennai-bengaluru-2-to-5-years-110625501715
,https://www.naukri.com/job-listings-data-engineer-netlink-software-group-america-inc-kolkata-mumbai-new-delhi-hyderabad-pune-chennai-bengaluru-1-to-4-years-150125501602
,https://www.naukri.com/job-listings-data-engineer-fractal-analytics-ltd-mumbai-pune-chennai-gurugram-bengaluru-3-to-7-years-210125501878
,https://www.naukri.com/job-listings-data-engineer-photon-infotech-p-ltd-kolkata-mumbai-new-delhi-hyderabad-pune-chennai-bengaluru-3-to-7-years-200125502764
,https://www.naukri.com/job-listings-data-engineer-impact-analytics-kolkata-mumbai-new-delhi-hyderabad-pune-chennai-bengaluru-3-to-7-years-290525502898
,https://www.naukri.com/job-listings-data-engineer-comviva-technologies-limited-kolkata-mumbai-new-delhi-hyderabad-pune-chennai-bengaluru-2-to-3-years-030125501136
,https://www.naukri.com/job-listings-data-engineer-arp-investments-kolkata-mumbai-new-delhi-hyderabad-pune-chennai-bengaluru-2-to-6-years-300724502038
,https://www.naukri.com/job-listings-data-engineer-nps-prism-kolkata-mumbai-new-delhi-hyderabad-pune-chennai-bengaluru-3-to-6-years-280625500828
,https://www.naukri.com/job-listings-data-engineer-stack-digital-kolkata-mumbai-new-delhi-hyderabad-pune-chennai-bengaluru-2-to-5-years-100725501522
,https://www.naukri.com/job-listings-data-engineer-investcloud-inc-kolkata-mumbai-new-delhi-hyderabad-pune-chennai-bengaluru-1-to-4-years-270325506594
,https://www.naukri.com/job-listings-data-engineer-beinex-consulting-kolkata-mumbai-new-delhi-hyderabad-pune-chennai-bengaluru-0-to-1-years-140324500140
,https://www.naukri.com/job-listings-data-engineer-star4rall-it-solutions-private-limited-kolkata-mumbai-new-delhi-hyderabad-pune-chennai-bengaluru-1-to-5-years-170323502153
,https://www.naukri.com/job-listings-sql-developer-data-engineer-itfirst-consultants-kolkata-mumbai-new-delhi-hyderabad-pune-chennai-bengaluru-3-to-7-years-041024501752
,https://www.naukri.com/job-listings-data-engineer-open-insights-kolkata-mumbai-new-delhi-hyderabad-pune-chennai-bengaluru-2-to-5-years-010523501678
,https://www.naukri.com/job-listings-data-engineer-nityo-infotech-kolkata-mumbai-new-delhi-hyderabad-pune-chennai-bengaluru-3-to-5-years-010525501092
,https://www.naukri.com/job-listings-lead-data-engineer-expian-technologies-bengaluru-8-to-12-years-080725004475
,https://www.naukri.com/job-listings-data-engineer-tpc-response-informatics-kolkata-mumbai-new-delhi-hyderabad-pune-chennai-bengaluru-2-to-4-years-060225504905
,https://www.naukri.com/job-listings-data-engineer-photon-infotech-p-ltd-kolkata-mumbai-new-delhi-hyderabad-pune-chennai-bengaluru-2-to-5-years-101123500226
,https://www.naukri.com/job-listings-data-engineer-techtammina-llc-kolkata-mumbai-new-delhi-hyderabad-pune-chennai-bengaluru-3-to-5-years-090824502302
,https://www.naukri.com/job-listings-data-engineer-edgematics-kolkata-mumbai-new-delhi-hyderabad-pune-chennai-bengaluru-1-to-4-years-140525503526
,https://www.naukri.com/job-listings-data-engineer-tech-stalwart-solution-private-limited-kolkata-mumbai-new-delhi-hyderabad-pune-chennai-bengaluru-2-to-6-years-030125501915
,https://www.naukri.com/job-listings-data-engineer-dataiku-python-infocepts-kolkata-mumbai-new-delhi-hyderabad-pune-chennai-bengaluru-3-to-8-years-040425502173
,https://www.naukri.com/job-listings-data-engineer-ztek-consulting-pvt-ltd-kolkata-mumbai-new-delhi-hyderabad-pune-chennai-bengaluru-3-to-7-years-140525500538
,https://www.naukri.com/job-listings-data-engineer-drivetrain-kolkata-mumbai-new-delhi-hyderabad-pune-chennai-bengaluru-1-to-5-years-070624501928
,https://www.naukri.com/job-listings-data-engineer-retailcloud-kolkata-mumbai-new-delhi-hyderabad-pune-chennai-bengaluru-1-to-4-years-050525501999
,https://www.naukri.com/job-listings-data-engineer-introlligent-introlligent-kolkata-mumbai-new-delhi-hyderabad-pune-chennai-bengaluru-2-to-4-years-090824501377
,https://www.naukri.com/job-listings-data-engineer-photon-infotech-p-ltd-kolkata-mumbai-new-delhi-hyderabad-pune-chennai-bengaluru-2-to-5-years-060225502140
,https://www.naukri.com/job-listings-data-engineer-systechcorp-inc-kolkata-mumbai-new-delhi-hyderabad-pune-chennai-bengaluru-2-to-6-years-100125506406
,https://www.naukri.com/job-listings-data-engineer-netlink-software-group-america-inc-kolkata-mumbai-new-delhi-hyderabad-pune-chennai-bengaluru-1-to-4-years-150125501602
,https://www.naukri.com/job-listings-data-engineer-vrchat-inc-kolkata-mumbai-new-delhi-hyderabad-pune-chennai-bengaluru-1-to-4-years-110924500256
,https://www.naukri.com/job-listings-data-engineer-hashedin-by-deloitte-pune-gurugram-bengaluru-1-to-3-years-230625011867
,https://www.naukri.com/job-listings-data-engineer-acesoft-labs-bengaluru-3-to-8-years-110725018703
,https://www.naukri.com/job-listings-data-engineer-henson-group-pune-chennai-bengaluru-0-to-1-years-260625938054
,https://www.naukri.com/job-listings-data-engineer-telus-international-bengaluru-1-to-4-years-100725018288
,https://www.naukri.com/job-listings-data-engineer-perfios-software-solutions-bengaluru-delhi-ncr-mumbai-all-areas-1-to-3-years-280425021202
,https://www.naukri.com/job-listings-data-engineer-atlassian-kolkata-mumbai-new-delhi-hyderabad-pune-chennai-bengaluru-5-to-10-years-020725505742
,https://www.naukri.com/job-listings-data-engineer-databricks-infocepts-nagpur-pune-chennai-bengaluru-3-to-8-years-150525504175
,https://www.naukri.com/job-listings-data-engineer-neal-analytics-noida-mumbai-pune-chennai-gurugram-bengaluru-6-to-12-years-010725502632
,https://www.naukri.com/job-listings-data-engineer-fractal-analytics-ltd-noida-mumbai-pune-chennai-gurugram-bengaluru-6-to-12-years-010725501403
,https://www.naukri.com/job-listings-data-engineer-accenture-solutions-pvt-ltd-bengaluru-3-to-8-years-100725924045
,https://www.naukri.com/job-listings-data-engineer-accenture-solutions-pvt-ltd-bengaluru-3-to-8-years-100725931049
,https://www.naukri.com/job-listings-junior-data-engineer-talent-corner-hr-services-bengaluru-1-to-5-years-100625010325
,https://www.naukri.com/job-listings-data-engineer-uplers-solutions-private-limited-mumbai-new-delhi-bengaluru-3-to-5-years-020725922143
,https://www.naukri.com/job-listings-data-engineer-merkle-science-mumbai-bengaluru-3-to-7-years-020725505750
,https://www.naukri.com/job-listings-data-engineer-apex-group-kolkata-mumbai-hyderabad-pune-bengaluru-5-to-7-years-240625936383
,https://www.naukri.com/job-listings-data-engineer-accolite-software-india-pvt-ltd-pune-bengaluru-2-to-6-years-260922500705
,https://www.naukri.com/job-listings-data-engineer-pg-rs-exavalu-kolkata-mumbai-new-delhi-hyderabad-pune-chennai-bengaluru-1-to-4-years-120525501830
,https://www.naukri.com/job-listings-data-engineer-accenture-solutions-pvt-ltd-bengaluru-3-to-8-years-100725932400
,https://www.naukri.com/job-listings-data-engineer-etl-maimsd-technology-bengaluru-3-to-8-years-090725901291
,https://www.naukri.com/job-listings-data-engineer-bay-area-technology-solutions-mumbai-delhi-ncr-bengaluru-3-to-5-years-130625926665
,https://www.naukri.com/job-listings-software-developer-c-and-python-ericsson-india-global-services-pvt-ltd-bengaluru-3-to-6-years-270625505185
,https://www.naukri.com/job-listings-python-developer-xcel-hires-managment-solutions-pvt-ltd-bengaluru-3-to-7-years-100725503928
,https://www.naukri.com/job-listings-python-developer-intelgic-technologies-pvt-ltd-kolkata-mumbai-new-delhi-hyderabad-pune-chennai-bengaluru-2-to-5-years-061223500473
,https://www.naukri.com/job-listings-python-developer-calsoft-pvt-ltd-pune-bengaluru-3-to-10-years-031122501111
,https://www.naukri.com/job-listings-python-developer-ootdootn-bengaluru-3-to-5-years-291024500427
,https://www.naukri.com/job-listings-python-developer-savantys-solutions-hyderabad-bengaluru-3-to-8-years-240223501200
,https://www.naukri.com/job-listings-python-developer-iqvia-biotech-bengaluru-3-to-8-years-100725501869
,https://www.naukri.com/job-listings-python-developer-ztek-consulting-pvt-ltd-kolkata-mumbai-new-delhi-hyderabad-pune-chennai-bengaluru-4-to-9-years-050725500647
,https://www.naukri.com/job-listings-python-developer-socbridge-semiconductors-private-limited-bengaluru-2-to-5-years-290823501493
,https://www.naukri.com/job-listings-python-developer-appzlogic-mobility-solutions-pvt-ltd-kolkata-mumbai-new-delhi-hyderabad-pune-chennai-bengaluru-0-to-3-years-121124502854
,https://www.naukri.com/job-listings-python-developer-persistent-systems-limited-bengaluru-3-to-7-years-171024011437
,https://www.naukri.com/job-listings-python-developer-diverse-lynx-bengaluru-2-to-7-years-280625501175
,https://www.naukri.com/job-listings-python-developer-diverse-lynx-bengaluru-2-to-6-years-291222500709
,https://www.naukri.com/job-listings-python-developer-foosilz-bengaluru-3-to-5-years-221024502612
,https://www.naukri.com/job-listings-python-developer-riveredge-analytics-pvt-ltd-kolkata-mumbai-new-delhi-hyderabad-pune-chennai-bengaluru-1-to-5-years-070823501164
,https://www.naukri.com/job-listings-python-developer-senior-software-xerox-business-solutions-southeast-kolkata-mumbai-new-delhi-hyderabad-pune-chennai-bengaluru-3-to-6-years-030425502179
,https://www.naukri.com/job-listings-python-developer-mwb-technologies-kolkata-mumbai-new-delhi-hyderabad-pune-chennai-bengaluru-2-to-6-years-041024501749
,https://www.naukri.com/job-listings-python-developer-infrrd-private-limited-bengaluru-3-to-5-years-250625924485
,https://www.naukri.com/job-listings-python-developer-diverse-lynx-bengaluru-2-to-7-years-040725502579
,https://www.naukri.com/job-listings-python-developer-triad-square-infotec-pvt-ltd-hyderabad-chennai-bengaluru-3-to-5-years-270625500182
,https://www.naukri.com/job-listings-python-developer-tech-stalwart-solution-private-limited-bengaluru-2-to-7-years-100625503044
,https://www.naukri.com/job-listings-python-developer-diverse-lynx-bengaluru-2-to-6-years-200722502058
,https://www.naukri.com/job-listings-python-developer-sixth-circle-technologies-bengaluru-3-to-5-years-031024500190
,https://www.naukri.com/job-listings-python-developer-millennium-management-llc-bengaluru-2-to-5-years-160425505729
,https://www.naukri.com/job-listings-python-developer-iti-wissda-inc-bengaluru-3-to-7-years-280723500633
,https://www.naukri.com/job-listings-python-developer-ssms-infotech-bengaluru-2-to-7-years-140225501982
,https://www.naukri.com/job-listings-python-developer-acme-services-bengaluru-2-to-6-years-070423500776
,https://www.naukri.com/job-listings-associate-software-developer-python-pthinks-private-limited-bengaluru-3-to-5-years-210625500881
,https://www.naukri.com/job-listings-python-developer-terralogic-software-solutions-pvt-ltd-bengaluru-2-to-5-years-120525503018
,https://www.naukri.com/job-listings-python-developer-diverse-lynx-bengaluru-2-to-7-years-150525504261
,https://www.naukri.com/job-listings-python-developer-acsia-tech-bengaluru-6-to-8-years-300625501168
,https://www.naukri.com/job-listings-python-developer-hunter-tech-ventures-pvt-ltd-bengaluru-0-to-2-years-140524501680
,https://www.naukri.com/job-listings-python-developer-mindteck-bengaluru-10-to-13-years-030725502186
,https://www.naukri.com/job-listings-python-developer-diverse-lynx-bengaluru-2-to-6-years-110221500656
,https://www.naukri.com/job-listings-python-developer-millennium-management-llc-bengaluru-2-to-5-years-170225502077
,https://www.naukri.com/job-listings-python-developer-rarr-technologies-bengaluru-5-to-10-years-020725504010
,https://www.naukri.com/job-listings-python-developer-bangalore-diverse-lynx-bengaluru-2-to-7-years-160525500852
,https://www.naukri.com/job-listings-python-developer-talentico-consultancy-services-bengaluru-10-to-17-years-100725034937
,https://www.naukri.com/job-listings-python-developer-maplelabs-solutions-private-limited-bengaluru-1-to-6-years-060225502359
,https://www.naukri.com/job-listings-python-developer-gloinnt-bengaluru-4-to-7-years-010725502920
,https://www.naukri.com/job-listings-python-developer-diverse-lynx-bengaluru-4-to-6-years-240625503172
,https://www.naukri.com/job-listings-python-developer-covalense-global-hyderabad-bengaluru-8-to-13-years-220124500073
,https://www.naukri.com/job-listings-software-engineer-python-developer-izmo-ltd-bengaluru-3-to-5-years-080725011916
,https://www.naukri.com/job-listings-python-developer-total-shape-kolkata-mumbai-new-delhi-hyderabad-pune-chennai-bengaluru-1-to-4-years-280525501795
,https://www.naukri.com/job-listings-software-developer-c-and-python-ericsson-india-global-services-pvt-ltd-bengaluru-1-to-6-years-160625500730
,https://www.naukri.com/job-listings-python-developer-kns-technologies-bengaluru-2-to-3-years-180625019684
,https://www.naukri.com/job-listings-python-developer-diverse-lynx-bengaluru-4-to-6-years-090622502081
,https://www.naukri.com/job-listings-python-developer-diverse-lynx-bengaluru-4-to-6-years-150525504266
,https://www.naukri.com/job-listings-python-developer-diverse-lynx-bengaluru-6-to-7-years-280525504616
,https://www.naukri.com/job-listings-python-developer-sandhata-technologies-kolkata-mumbai-new-delhi-hyderabad-pune-chennai-bengaluru-4-to-9-years-240625506455
,https://www.naukri.com/job-listings-software-developer-c-and-python-cradlepoint-bengaluru-2-to-5-years-160625500896
,https://www.naukri.com/job-listings-python-developer-mspring-infotech-chennai-bengaluru-5-to-7-years-270318500543
,https://www.naukri.com/job-listings-python-developer-pradeepit-bengaluru-4-to-9-years-270324501421
,https://www.naukri.com/job-listings-python-with-javascript-visualization-developer-savantys-solutions-mumbai-hyderabad-bengaluru-4-to-9-years-311022501845
,https://www.naukri.com/job-listings-python-developer-idexcel-bengaluru-4-to-8-years-270625026673
,https://www.naukri.com/job-listings-python-developer-diverse-lynx-bengaluru-5-to-10-years-050221502229
,https://www.naukri.com/job-listings-python-developer-dell-international-services-india-private-limited-hyderabad-bengaluru-5-to-8-years-230625913578
,https://www.naukri.com/job-listings-python-developer-sourcefuse-technologies-india-pvt-ltd-kolkata-mumbai-new-delhi-hyderabad-pune-chennai-bengaluru-1-to-2-years-010725502415
,https://www.naukri.com/job-listings-python-ml-developer-ennvee-technogroup-bengaluru-3-to-6-years-130125501366
,https://www.naukri.com/job-listings-python-developer-apex-2000-inc-kolkata-mumbai-new-delhi-hyderabad-pune-chennai-bengaluru-4-to-7-years-170625504835
