successful_applications,failed_applications,skipped_applications
,https://www.naukri.com/job-listings-data-engineer-edgematics-kolkata-mumbai-new-delhi-hyderabad-pune-chennai-bengaluru-1-to-4-years-140525503526,
,https://www.naukri.com/job-listings-data-engineer-edgematics-kolkata-mumbai-new-delhi-hyderabad-pune-chennai-bengaluru-1-to-4-years-140525503526,
,https://www.naukri.com/job-listings-data-engineer-nps-prism-kolkata-mumbai-new-delhi-hyderabad-pune-chennai-bengaluru-3-to-6-years-280625500828,
,https://www.naukri.com/job-listings-data-engineer-nps-prism-kolkata-mumbai-new-delhi-hyderabad-pune-chennai-bengaluru-3-to-6-years-280625500828,
,https://www.naukri.com/job-listings-data-engineer-sapaad-software-kolkata-mumbai-new-delhi-hyderabad-pune-chennai-bengaluru-2-to-7-years-260624500498,
,https://www.naukri.com/job-listings-data-engineer-sapaad-software-kolkata-mumbai-new-delhi-hyderabad-pune-chennai-bengaluru-2-to-7-years-260624500498,
,https://www.naukri.com/job-listings-data-engineer-automotive-research-sp-capital-iq-india-pvt-ltd-gurugram-bengaluru-1-to-2-years-180725923053,
,https://www.naukri.com/job-listings-data-engineer-automotive-research-sp-capital-iq-india-pvt-ltd-gurugram-bengaluru-1-to-2-years-180725923053,
,https://www.naukri.com/job-listings-backend-data-engineer-ibm-india-pvt-limited-bengaluru-1-to-3-years-140725917407,
,https://www.naukri.com/job-listings-backend-data-engineer-ibm-india-pvt-limited-bengaluru-1-to-3-years-140725917407,
,https://www.naukri.com/job-listings-data-engineer-accolite-software-india-pvt-ltd-pune-bengaluru-2-to-6-years-260922500705,
,https://www.naukri.com/job-listings-data-engineer-accolite-software-india-pvt-ltd-pune-bengaluru-2-to-6-years-260922500705,
,https://www.naukri.com/job-listings-data-engineer-netlink-software-group-america-inc-kolkata-mumbai-new-delhi-hyderabad-pune-chennai-bengaluru-1-to-4-years-150125501602,
,https://www.naukri.com/job-listings-data-engineer-netlink-software-group-america-inc-kolkata-mumbai-new-delhi-hyderabad-pune-chennai-bengaluru-1-to-4-years-150125501602,
,https://www.naukri.com/job-listings-data-engineer-circle-k-stores-inc-kolkata-mumbai-new-delhi-hyderabad-pune-chennai-bengaluru-3-to-8-years-090725500511,
,https://www.naukri.com/job-listings-data-engineer-circle-k-stores-inc-kolkata-mumbai-new-delhi-hyderabad-pune-chennai-bengaluru-3-to-8-years-090725500511,
,https://www.naukri.com/job-listings-sql-developer-data-engineer-itfirst-consultants-kolkata-mumbai-new-delhi-hyderabad-pune-chennai-bengaluru-3-to-7-years-041024501752,
,https://www.naukri.com/job-listings-sql-developer-data-engineer-itfirst-consultants-kolkata-mumbai-new-delhi-hyderabad-pune-chennai-bengaluru-3-to-7-years-041024501752,
,https://www.naukri.com/job-listings-data-engineer-arsr-technologies-kolkata-mumbai-new-delhi-hyderabad-pune-chennai-bengaluru-1-to-3-years-301020500936,
,https://www.naukri.com/job-listings-data-engineer-arsr-technologies-kolkata-mumbai-new-delhi-hyderabad-pune-chennai-bengaluru-1-to-3-years-301020500936,
,https://www.naukri.com/job-listings-data-engineer-fractal-analytics-ltd-mumbai-pune-chennai-gurugram-bengaluru-3-to-7-years-210125501878,
,https://www.naukri.com/job-listings-data-engineer-fractal-analytics-ltd-mumbai-pune-chennai-gurugram-bengaluru-3-to-7-years-210125501878,
,https://www.naukri.com/job-listings-data-engineer-retailcloud-kolkata-mumbai-new-delhi-hyderabad-pune-chennai-bengaluru-1-to-4-years-050525501999,
,https://www.naukri.com/job-listings-data-engineer-retailcloud-kolkata-mumbai-new-delhi-hyderabad-pune-chennai-bengaluru-1-to-4-years-050525501999,
,https://www.naukri.com/job-listings-data-engineer-the-lifetime-value-co-kolkata-mumbai-new-delhi-hyderabad-pune-chennai-bengaluru-1-to-2-years-020725505762,
,https://www.naukri.com/job-listings-data-engineer-the-lifetime-value-co-kolkata-mumbai-new-delhi-hyderabad-pune-chennai-bengaluru-1-to-2-years-020725505762,
,https://www.naukri.com/job-listings-data-engineer-atlassian-kolkata-mumbai-new-delhi-hyderabad-pune-chennai-bengaluru-3-to-6-years-160725503185,
,https://www.naukri.com/job-listings-data-engineer-atlassian-kolkata-mumbai-new-delhi-hyderabad-pune-chennai-bengaluru-3-to-6-years-160725503185,
,https://www.naukri.com/job-listings-data-engineer-investcloud-inc-kolkata-mumbai-new-delhi-hyderabad-pune-chennai-bengaluru-1-to-4-years-270325506594,
,https://www.naukri.com/job-listings-data-engineer-investcloud-inc-kolkata-mumbai-new-delhi-hyderabad-pune-chennai-bengaluru-1-to-4-years-270325506594,
,https://www.naukri.com/job-listings-data-engineer-introlligent-introlligent-kolkata-mumbai-new-delhi-hyderabad-pune-chennai-bengaluru-2-to-4-years-090824501377,
,https://www.naukri.com/job-listings-data-engineer-introlligent-introlligent-kolkata-mumbai-new-delhi-hyderabad-pune-chennai-bengaluru-2-to-4-years-090824501377,
,https://www.naukri.com/job-listings-data-engineer-puresoftware-kolkata-mumbai-new-delhi-hyderabad-pune-chennai-bengaluru-6-to-11-years-220525502673,
,https://www.naukri.com/job-listings-data-engineer-puresoftware-kolkata-mumbai-new-delhi-hyderabad-pune-chennai-bengaluru-6-to-11-years-220525502673,
,https://www.naukri.com/job-listings-data-engineer-tredence-pune-chennai-bengaluru-1-to-2-years-140725009564,
,https://www.naukri.com/job-listings-data-engineer-tredence-pune-chennai-bengaluru-1-to-2-years-140725009564,
,https://www.naukri.com/job-listings-data-engineer-etl-go-databricks-instinctools-kolkata-mumbai-new-delhi-hyderabad-pune-chennai-bengaluru-2-to-6-years-230425503776,
,https://www.naukri.com/job-listings-data-engineer-etl-go-databricks-instinctools-kolkata-mumbai-new-delhi-hyderabad-pune-chennai-bengaluru-2-to-6-years-230425503776,
,https://www.naukri.com/job-listings-data-engineer-star4rall-it-solutions-private-limited-kolkata-mumbai-new-delhi-hyderabad-pune-chennai-bengaluru-1-to-5-years-170323502153,
,https://www.naukri.com/job-listings-data-engineer-star4rall-it-solutions-private-limited-kolkata-mumbai-new-delhi-hyderabad-pune-chennai-bengaluru-1-to-5-years-170323502153,
,https://www.naukri.com/job-listings-data-engineer-drivetrain-kolkata-mumbai-new-delhi-hyderabad-pune-chennai-bengaluru-1-to-5-years-070624501928,
,https://www.naukri.com/job-listings-data-engineer-drivetrain-kolkata-mumbai-new-delhi-hyderabad-pune-chennai-bengaluru-1-to-5-years-070624501928,
,https://www.naukri.com/job-listings-data-engineer-open-insights-kolkata-mumbai-new-delhi-hyderabad-pune-chennai-bengaluru-2-to-5-years-010523501678,
,https://www.naukri.com/job-listings-data-engineer-open-insights-kolkata-mumbai-new-delhi-hyderabad-pune-chennai-bengaluru-2-to-5-years-010523501678,
,https://www.naukri.com/job-listings-data-engineer-databricks-inorg-global-kolkata-mumbai-new-delhi-hyderabad-pune-chennai-bengaluru-2-to-5-years-110625501715,
,https://www.naukri.com/job-listings-data-engineer-databricks-inorg-global-kolkata-mumbai-new-delhi-hyderabad-pune-chennai-bengaluru-2-to-5-years-110625501715,
,https://www.naukri.com/job-listings-data-engineer-wipro-limited-bengaluru-1-to-5-years-180725927258,
,https://www.naukri.com/job-listings-data-engineer-wipro-limited-bengaluru-1-to-5-years-180725927258,
,https://www.naukri.com/job-listings-data-engineer-amakshar-technology-mumbai-pune-chennai-bengaluru-4-to-7-years-110625501398,
,https://www.naukri.com/job-listings-data-engineer-amakshar-technology-mumbai-pune-chennai-bengaluru-4-to-7-years-110625501398,
,https://www.naukri.com/job-listings-data-engineer-python-soul-ai-bengaluru-2-to-4-years-170725922819,
,https://www.naukri.com/job-listings-data-engineer-python-soul-ai-bengaluru-2-to-4-years-170725922819,
,https://www.naukri.com/job-listings-data-engineer-apex-group-kolkata-mumbai-hyderabad-pune-bengaluru-5-to-7-years-240625936383,
,https://www.naukri.com/job-listings-data-engineer-apex-group-kolkata-mumbai-hyderabad-pune-bengaluru-5-to-7-years-240625936383,
,https://www.naukri.com/job-listings-data-engineer-accenture-solutions-pvt-ltd-bengaluru-3-to-8-years-270625918560,
,https://www.naukri.com/job-listings-data-engineer-accenture-solutions-pvt-ltd-bengaluru-3-to-8-years-270625918560,
,https://www.naukri.com/job-listings-data-engineer-accenture-solutions-pvt-ltd-bengaluru-3-to-8-years-270625918462,
,https://www.naukri.com/job-listings-data-engineer-accenture-solutions-pvt-ltd-bengaluru-3-to-8-years-270625918462,
,https://www.naukri.com/job-listings-data-engineer-virtualware-innovations-kolkata-mumbai-new-delhi-hyderabad-pune-chennai-bengaluru-5-to-10-years-300723500787,
,https://www.naukri.com/job-listings-data-engineer-virtualware-innovations-kolkata-mumbai-new-delhi-hyderabad-pune-chennai-bengaluru-5-to-10-years-300723500787,
,https://www.naukri.com/job-listings-data-engineer-accenture-solutions-pvt-ltd-bengaluru-3-to-8-years-170725926152,
,https://www.naukri.com/job-listings-data-engineer-accenture-solutions-pvt-ltd-bengaluru-3-to-8-years-170725926152,
,https://www.naukri.com/job-listings-data-engineer-dbt-data-build-tool-lorven-technologies-private-limited-bengaluru-0-to-5-years-150725922446,
,https://www.naukri.com/job-listings-data-engineer-dbt-data-build-tool-lorven-technologies-private-limited-bengaluru-0-to-5-years-150725922446,
,https://www.naukri.com/job-listings-data-engineer-wits-innovation-lab-bengaluru-3-to-5-years-200625922260,
,https://www.naukri.com/job-listings-data-engineer-wits-innovation-lab-bengaluru-3-to-5-years-200625922260,
,https://www.naukri.com/job-listings-data-engineer-kinara-capital-private-limited-bengaluru-0-to-3-years-010725013433,
,https://www.naukri.com/job-listings-data-engineer-kinara-capital-private-limited-bengaluru-0-to-3-years-010725013433,
,https://www.naukri.com/job-listings-data-engineer-fractal-analytics-ltd-noida-mumbai-pune-chennai-gurugram-bengaluru-6-to-12-years-010725501403,
,https://www.naukri.com/job-listings-data-engineer-fractal-analytics-ltd-noida-mumbai-pune-chennai-gurugram-bengaluru-6-to-12-years-010725501403,
,https://www.naukri.com/job-listings-data-engineer-dataiku-python-infocepts-kolkata-mumbai-new-delhi-hyderabad-pune-chennai-bengaluru-3-to-8-years-040425502173,
,https://www.naukri.com/job-listings-data-engineer-dataiku-python-infocepts-kolkata-mumbai-new-delhi-hyderabad-pune-chennai-bengaluru-3-to-8-years-040425502173,
,https://www.naukri.com/job-listings-data-engineer-photon-infotech-p-ltd-kolkata-mumbai-new-delhi-hyderabad-pune-chennai-bengaluru-3-to-7-years-200125502764,
,https://www.naukri.com/job-listings-data-engineer-photon-infotech-p-ltd-kolkata-mumbai-new-delhi-hyderabad-pune-chennai-bengaluru-3-to-7-years-200125502764,
,https://www.naukri.com/job-listings-data-engineer-photon-infotech-p-ltd-kolkata-mumbai-new-delhi-hyderabad-pune-chennai-bengaluru-2-to-5-years-101123500226,
,https://www.naukri.com/job-listings-data-engineer-photon-infotech-p-ltd-kolkata-mumbai-new-delhi-hyderabad-pune-chennai-bengaluru-2-to-5-years-101123500226,
,https://www.naukri.com/job-listings-data-engineer-photon-infotech-p-ltd-kolkata-mumbai-new-delhi-hyderabad-pune-chennai-bengaluru-2-to-5-years-060225502140,
,https://www.naukri.com/job-listings-data-engineer-photon-infotech-p-ltd-kolkata-mumbai-new-delhi-hyderabad-pune-chennai-bengaluru-2-to-5-years-060225502140,
,https://www.naukri.com/job-listings-data-engineer-databricks-inorg-global-kolkata-mumbai-new-delhi-hyderabad-pune-chennai-bengaluru-3-to-8-years-020725504644,
,https://www.naukri.com/job-listings-data-engineer-databricks-inorg-global-kolkata-mumbai-new-delhi-hyderabad-pune-chennai-bengaluru-3-to-8-years-020725504644,
,https://www.naukri.com/job-listings-data-engineer-beinex-consulting-kolkata-mumbai-new-delhi-hyderabad-pune-chennai-bengaluru-0-to-1-years-140324500140,
,https://www.naukri.com/job-listings-data-engineer-beinex-consulting-kolkata-mumbai-new-delhi-hyderabad-pune-chennai-bengaluru-0-to-1-years-140324500140,
,https://www.naukri.com/job-listings-data-engineers-rearc-pune-bengaluru-vadodara-2-to-7-years-110725509163,
,https://www.naukri.com/job-listings-data-engineers-rearc-pune-bengaluru-vadodara-2-to-7-years-110725509163,
,https://www.naukri.com/job-listings-data-engineer-henson-group-pune-chennai-bengaluru-0-to-1-years-260625938054,
,https://www.naukri.com/job-listings-data-engineer-henson-group-pune-chennai-bengaluru-0-to-1-years-260625938054,
,https://www.naukri.com/job-listings-data-engineer-ccs-technologies-p-ltd-kolkata-mumbai-new-delhi-hyderabad-pune-chennai-bengaluru-5-to-6-years-191124504795,
,https://www.naukri.com/job-listings-data-engineer-ccs-technologies-p-ltd-kolkata-mumbai-new-delhi-hyderabad-pune-chennai-bengaluru-5-to-6-years-191124504795,
,https://www.naukri.com/job-listings-databricks-data-engineer-upteam-kolkata-mumbai-new-delhi-hyderabad-pune-chennai-bengaluru-5-to-7-years-190624500850,
,https://www.naukri.com/job-listings-databricks-data-engineer-upteam-kolkata-mumbai-new-delhi-hyderabad-pune-chennai-bengaluru-5-to-7-years-190624500850,
,https://www.naukri.com/job-listings-data-engineer-clifyx-technology-bengaluru-2-to-5-years-180725504162,
,https://www.naukri.com/job-listings-data-engineer-clifyx-technology-bengaluru-2-to-5-years-180725504162,
,https://www.naukri.com/job-listings-data-engineer-neal-analytics-noida-mumbai-pune-chennai-gurugram-bengaluru-6-to-12-years-010725502632,
,https://www.naukri.com/job-listings-data-engineer-neal-analytics-noida-mumbai-pune-chennai-gurugram-bengaluru-6-to-12-years-010725502632,
,https://www.naukri.com/job-listings-python-data-engineer-helios-placement-solution-mumbai-pune-bengaluru-3-to-8-years-080725021884,
,https://www.naukri.com/job-listings-python-data-engineer-helios-placement-solution-mumbai-pune-bengaluru-3-to-8-years-080725021884,
,https://www.naukri.com/job-listings-data-engineer-uplers-solutions-private-limited-mumbai-new-delhi-bengaluru-3-to-5-years-020725922143,
,https://www.naukri.com/job-listings-data-engineer-uplers-solutions-private-limited-mumbai-new-delhi-bengaluru-3-to-5-years-020725922143,
,https://www.naukri.com/job-listings-data-engineer-nityo-infotech-kolkata-mumbai-new-delhi-hyderabad-pune-chennai-bengaluru-3-to-5-years-010525501092,
,https://www.naukri.com/job-listings-data-engineer-nityo-infotech-kolkata-mumbai-new-delhi-hyderabad-pune-chennai-bengaluru-3-to-5-years-010525501092,
,https://www.naukri.com/job-listings-cognite-data-engineer-ey-kolkata-pune-bengaluru-3-to-7-years-150725012336,
,https://www.naukri.com/job-listings-cognite-data-engineer-ey-kolkata-pune-bengaluru-3-to-7-years-150725012336,
,https://www.naukri.com/job-listings-data-engineer-live-connections-pune-bengaluru-mumbai-all-areas-4-to-6-years-170725039468,
,https://www.naukri.com/job-listings-data-engineer-live-connections-pune-bengaluru-mumbai-all-areas-4-to-6-years-170725039468,
,https://www.naukri.com/job-listings-data-engineer-miracle-software-solutions-kolkata-mumbai-new-delhi-hyderabad-pune-chennai-bengaluru-5-to-10-years-140525503519,
,https://www.naukri.com/job-listings-data-engineer-miracle-software-solutions-kolkata-mumbai-new-delhi-hyderabad-pune-chennai-bengaluru-5-to-10-years-140525503519,
,https://www.naukri.com/job-listings-data-engineer-accenture-solutions-pvt-ltd-bengaluru-3-to-8-years-170725928380,
,https://www.naukri.com/job-listings-data-engineer-accenture-solutions-pvt-ltd-bengaluru-3-to-8-years-170725928380,
,https://www.naukri.com/job-listings-microsoft-fabric-data-engineer-avisoft-hyderabad-bengaluru-delhi-ncr-3-to-7-years-180725912848,
,https://www.naukri.com/job-listings-microsoft-fabric-data-engineer-avisoft-hyderabad-bengaluru-delhi-ncr-3-to-7-years-180725912848,
,https://www.naukri.com/job-listings-data-engineer-accenture-solutions-pvt-ltd-bengaluru-3-to-8-years-100725931049,
,https://www.naukri.com/job-listings-data-engineer-accenture-solutions-pvt-ltd-bengaluru-3-to-8-years-100725931049,
,https://www.naukri.com/job-listings-python-developer-pan-india-ra-infosys-hyderabad-chennai-bengaluru-3-to-6-years-030625031226,
,https://www.naukri.com/job-listings-python-developer-pan-india-ra-infosys-hyderabad-chennai-bengaluru-3-to-6-years-030625031226,
,https://www.naukri.com/job-listings-etl-developer-guidewire-software-inc-bengaluru-3-to-5-years-180725501342,
,https://www.naukri.com/job-listings-etl-developer-guidewire-software-inc-bengaluru-3-to-5-years-180725501342,
,https://www.naukri.com/job-listings-etl-developer-evnek-mumbai-new-delhi-bengaluru-3-to-8-years-240625934139,
,https://www.naukri.com/job-listings-etl-developer-evnek-mumbai-new-delhi-bengaluru-3-to-8-years-240625934139,
,https://www.naukri.com/job-listings-etl-developer-and-etl-testing-mspring-infotech-mumbai-hyderabad-chennai-bengaluru-2-to-7-years-260318505377,
,https://www.naukri.com/job-listings-etl-developer-and-etl-testing-mspring-infotech-mumbai-hyderabad-chennai-bengaluru-2-to-7-years-260318505377,
,https://www.naukri.com/job-listings-etl-developer-clifyx-technology-bengaluru-2-to-5-years-260625502260,
,https://www.naukri.com/job-listings-etl-developer-clifyx-technology-bengaluru-2-to-5-years-260625502260,
,https://www.naukri.com/job-listings-etl-developer-pradeepit-bengaluru-2-to-5-years-260324502064,
,https://www.naukri.com/job-listings-etl-developer-pradeepit-bengaluru-2-to-5-years-260324502064,
,https://www.naukri.com/job-listings-etl-developer-scalein-bengaluru-1-to-6-years-310119501836,
,https://www.naukri.com/job-listings-etl-developer-scalein-bengaluru-1-to-6-years-310119501836,
,https://www.naukri.com/job-listings-etl-developer-allegis-global-solution-bengaluru-2-to-6-years-030425500103,
,https://www.naukri.com/job-listings-etl-developer-allegis-global-solution-bengaluru-2-to-6-years-030425500103,
,https://www.naukri.com/job-listings-etl-developer-wissen-infotech-hyderabad-pune-bengaluru-4-to-9-years-150725017665,
,https://www.naukri.com/job-listings-etl-developer-wissen-infotech-hyderabad-pune-bengaluru-4-to-9-years-150725017665,
,https://www.naukri.com/job-listings-etl-developer-exathought-bengaluru-5-to-7-years-170725032232,
,https://www.naukri.com/job-listings-etl-developer-exathought-bengaluru-5-to-7-years-170725032232,
,https://www.naukri.com/job-listings-etl-developer-acl-digital-bengaluru-7-to-12-years-160725500295,
,https://www.naukri.com/job-listings-etl-developer-acl-digital-bengaluru-7-to-12-years-160725500295,
,https://www.naukri.com/job-listings-etl-developer-wissen-infotech-hyderabad-pune-bengaluru-4-to-9-years-170725029564,
,https://www.naukri.com/job-listings-etl-developer-wissen-infotech-hyderabad-pune-bengaluru-4-to-9-years-170725029564,
,https://www.naukri.com/job-listings-python-developer-mid-level-soul-ai-bengaluru-2-to-4-years-170725922909,
,https://www.naukri.com/job-listings-python-developer-mid-level-soul-ai-bengaluru-2-to-4-years-170725922909,
,https://www.naukri.com/job-listings-python-developer-travitons-technologies-kolkata-mumbai-new-delhi-hyderabad-pune-chennai-bengaluru-3-to-8-years-190725500887,
,https://www.naukri.com/job-listings-python-developer-travitons-technologies-kolkata-mumbai-new-delhi-hyderabad-pune-chennai-bengaluru-3-to-8-years-190725500887,
,https://www.naukri.com/job-listings-python-developer-indian-cyber-security-solutions-kolkata-bengaluru-2-to-6-years-180725500272,
,https://www.naukri.com/job-listings-python-developer-indian-cyber-security-solutions-kolkata-bengaluru-2-to-6-years-180725500272,
,https://www.naukri.com/job-listings-python-developer-millennium-management-llc-bengaluru-3-to-8-years-160725503134,
,https://www.naukri.com/job-listings-python-developer-millennium-management-llc-bengaluru-3-to-8-years-160725503134,
,https://www.naukri.com/job-listings-python-developer-techno-facts-solutions-bengaluru-3-to-8-years-160725033780,
,https://www.naukri.com/job-listings-python-developer-techno-facts-solutions-bengaluru-3-to-8-years-160725033780,
,https://www.naukri.com/job-listings-python-software-developer-cloudxtreme-bengaluru-mumbai-all-areas-3-to-6-years-190725010157,
,https://www.naukri.com/job-listings-python-software-developer-cloudxtreme-bengaluru-mumbai-all-areas-3-to-6-years-190725010157,
,https://www.naukri.com/job-listings-python-developer-eng-infosys-pan-india-infosys-hyderabad-chennai-bengaluru-3-to-8-years-090625015061,
,https://www.naukri.com/job-listings-python-developer-eng-infosys-pan-india-infosys-hyderabad-chennai-bengaluru-3-to-8-years-090625015061,
,https://www.naukri.com/job-listings-python-developer-prolegion-kolkata-mumbai-new-delhi-hyderabad-pune-chennai-bengaluru-3-to-6-years-070725503000,
,https://www.naukri.com/job-listings-python-developer-prolegion-kolkata-mumbai-new-delhi-hyderabad-pune-chennai-bengaluru-3-to-6-years-070725503000,
,https://www.naukri.com/job-listings-python-developer-rvr-innovations-bengaluru-2-to-7-years-170725019327,
,https://www.naukri.com/job-listings-python-developer-rvr-innovations-bengaluru-2-to-7-years-170725019327,
,https://www.naukri.com/job-listings-developer-python-wipro-limited-bengaluru-2-to-6-years-180725931896,
,https://www.naukri.com/job-listings-developer-python-wipro-limited-bengaluru-2-to-6-years-180725931896,
,https://www.naukri.com/job-listings-python-developer-infosys-infosys-hyderabad-pune-bengaluru-3-to-8-years-090625020450,
,https://www.naukri.com/job-listings-python-developer-infosys-infosys-hyderabad-pune-bengaluru-3-to-8-years-090625020450,
,https://www.naukri.com/job-listings-python-developer-aparajitha-corporate-services-madurai-bengaluru-3-to-6-years-130225009095,
,https://www.naukri.com/job-listings-python-developer-aparajitha-corporate-services-madurai-bengaluru-3-to-6-years-130225009095,
,https://www.naukri.com/job-listings-python-software-developer-ab-pan-india-infosys-kolkata-pune-bengaluru-3-to-8-years-100625023928,
,https://www.naukri.com/job-listings-python-software-developer-ab-pan-india-infosys-kolkata-pune-bengaluru-3-to-8-years-100625023928,
,https://www.naukri.com/job-listings-python-developer-infosys-limited-bengaluru-3-to-5-years-090725912411,
,https://www.naukri.com/job-listings-python-developer-infosys-limited-bengaluru-3-to-5-years-090725912411,
,https://www.naukri.com/job-listings-python-developer-uplers-bengaluru-3-to-5-years-070725024033,
,https://www.naukri.com/job-listings-python-developer-uplers-bengaluru-3-to-5-years-070725024033,
,https://www.naukri.com/job-listings-python-developer-gist-management-solutions-hyderabad-chennai-bengaluru-0-to-5-years-190425004156,
,https://www.naukri.com/job-listings-python-developer-gist-management-solutions-hyderabad-chennai-bengaluru-0-to-5-years-190425004156,
,https://www.naukri.com/job-listings-python-developers-7hills-technology-services-mysuru-pune-bengaluru-2-to-5-years-110725509077,
,https://www.naukri.com/job-listings-python-developers-7hills-technology-services-mysuru-pune-bengaluru-2-to-5-years-110725509077,
,https://www.naukri.com/job-listings-python-developer-kns-technologies-bengaluru-2-to-3-years-180625019684,
,https://www.naukri.com/job-listings-python-developer-kns-technologies-bengaluru-2-to-3-years-180625019684,
,https://www.naukri.com/job-listings-python-developer-ab-pan-india-infosys-hyderabad-chennai-bengaluru-3-to-5-years-290525038538,
,https://www.naukri.com/job-listings-python-developer-ab-pan-india-infosys-hyderabad-chennai-bengaluru-3-to-5-years-290525038538,
,https://www.naukri.com/job-listings-python-developer-techno-facts-solutions-bengaluru-3-to-6-years-100725033492,
,https://www.naukri.com/job-listings-python-developer-techno-facts-solutions-bengaluru-3-to-6-years-100725033492,
,https://www.naukri.com/job-listings-python-developer-iqvia-bengaluru-2-to-4-years-040625031989,
,https://www.naukri.com/job-listings-python-developer-iqvia-bengaluru-2-to-4-years-040625031989,
,https://www.naukri.com/job-listings-python-developer-xcel-hires-managment-solutions-pvt-ltd-bengaluru-3-to-7-years-100725503928,
,https://www.naukri.com/job-listings-python-developer-xcel-hires-managment-solutions-pvt-ltd-bengaluru-3-to-7-years-100725503928,
,https://www.naukri.com/job-listings-python-developer-bottle-lab-technologies-pvt-ltd-smartq-bengaluru-2-to-7-years-090725501586,
,https://www.naukri.com/job-listings-python-developer-bottle-lab-technologies-pvt-ltd-smartq-bengaluru-2-to-7-years-090725501586,
,https://www.naukri.com/job-listings-software-developer-python-javascript-ibm-india-pvt-limited-bengaluru-2-to-7-years-170725914437,
,https://www.naukri.com/job-listings-software-developer-python-javascript-ibm-india-pvt-limited-bengaluru-2-to-7-years-170725914437,
,https://www.naukri.com/job-listings-python-gitlab-ci-cd-jenkins-developer-harman-international-bengaluru-3-to-6-years-160725501906,
,https://www.naukri.com/job-listings-python-gitlab-ci-cd-jenkins-developer-harman-international-bengaluru-3-to-6-years-160725501906,
,https://www.naukri.com/job-listings-python-software-developer-techno-facts-solutions-hyderabad-bengaluru-3-to-8-years-100725025634,
,https://www.naukri.com/job-listings-python-software-developer-techno-facts-solutions-hyderabad-bengaluru-3-to-8-years-100725025634,
,https://www.naukri.com/job-listings-python-software-developer-foxconn-bengaluru-2-to-7-years-150725926743,
,https://www.naukri.com/job-listings-python-software-developer-foxconn-bengaluru-2-to-7-years-150725926743,
,https://www.naukri.com/job-listings-python-software-developer-helios-placement-solution-mumbai-chennai-bengaluru-3-to-7-years-110725013430,
,https://www.naukri.com/job-listings-python-software-developer-helios-placement-solution-mumbai-chennai-bengaluru-3-to-7-years-110725013430,
,https://www.naukri.com/job-listings-python-ml-developer-infosys-limited-bengaluru-3-to-8-years-090725912642,
,https://www.naukri.com/job-listings-python-ml-developer-infosys-limited-bengaluru-3-to-8-years-090725912642,
,https://www.naukri.com/job-listings-python-developer-mwb-technologies-kolkata-mumbai-new-delhi-hyderabad-pune-chennai-bengaluru-2-to-6-years-041024501749,
,https://www.naukri.com/job-listings-python-developer-mwb-technologies-kolkata-mumbai-new-delhi-hyderabad-pune-chennai-bengaluru-2-to-6-years-041024501749,
,https://www.naukri.com/job-listings-python-developer-synergyworks-solutions-kolkata-mumbai-new-delhi-hyderabad-pune-chennai-bengaluru-1-to-2-years-100225505922,
,https://www.naukri.com/job-listings-python-developer-synergyworks-solutions-kolkata-mumbai-new-delhi-hyderabad-pune-chennai-bengaluru-1-to-2-years-100225505922,
,https://www.naukri.com/job-listings-python-software-developer-ab-bengaluru-chennai-chandigarh-infosys-chandigarh-hyderabad-bengaluru-3-to-6-years-120325018257,
,https://www.naukri.com/job-listings-python-software-developer-ab-bengaluru-chennai-chandigarh-infosys-chandigarh-hyderabad-bengaluru-3-to-6-years-120325018257,
,https://www.naukri.com/job-listings-python-software-developer-exotel-bengaluru-3-to-6-years-070725009656,
,https://www.naukri.com/job-listings-python-software-developer-exotel-bengaluru-3-to-6-years-070725009656,
,https://www.naukri.com/job-listings-python-developer-the-it-mind-kolkata-mumbai-new-delhi-hyderabad-pune-chennai-bengaluru-2-to-5-years-260723500176,
,https://www.naukri.com/job-listings-python-developer-the-it-mind-kolkata-mumbai-new-delhi-hyderabad-pune-chennai-bengaluru-2-to-5-years-260723500176,
,https://www.naukri.com/job-listings-python-developer-contingentpros-kolkata-mumbai-new-delhi-hyderabad-pune-chennai-bengaluru-2-to-5-years-240325503905,
,https://www.naukri.com/job-listings-python-developer-contingentpros-kolkata-mumbai-new-delhi-hyderabad-pune-chennai-bengaluru-2-to-5-years-240325503905,
,https://www.naukri.com/job-listings-python-developer-weboccult-technologies-kolkata-mumbai-new-delhi-hyderabad-pune-chennai-bengaluru-2-to-5-years-100225503864,
,https://www.naukri.com/job-listings-python-developer-weboccult-technologies-kolkata-mumbai-new-delhi-hyderabad-pune-chennai-bengaluru-2-to-5-years-100225503864,
,https://www.naukri.com/job-listings-python-developer-riveredge-analytics-pvt-ltd-kolkata-mumbai-new-delhi-hyderabad-pune-chennai-bengaluru-1-to-5-years-070823501164,
,https://www.naukri.com/job-listings-python-developer-riveredge-analytics-pvt-ltd-kolkata-mumbai-new-delhi-hyderabad-pune-chennai-bengaluru-1-to-5-years-070823501164,
,https://www.naukri.com/job-listings-python-developer-intelgic-technologies-pvt-ltd-kolkata-mumbai-new-delhi-hyderabad-pune-chennai-bengaluru-2-to-5-years-061223500473,
,https://www.naukri.com/job-listings-python-developer-intelgic-technologies-pvt-ltd-kolkata-mumbai-new-delhi-hyderabad-pune-chennai-bengaluru-2-to-5-years-061223500473,
,https://www.naukri.com/job-listings-python-developer-talentwell-solutions-mumbai-pune-chennai-gurugram-bengaluru-3-to-8-years-161122500405,
,https://www.naukri.com/job-listings-python-developer-talentwell-solutions-mumbai-pune-chennai-gurugram-bengaluru-3-to-8-years-161122500405,
,https://www.naukri.com/job-listings-python-developer-digitalflake-pune-bengaluru-2-to-5-years-070525501166,
,https://www.naukri.com/job-listings-python-developer-digitalflake-pune-bengaluru-2-to-5-years-070525501166,
,https://www.naukri.com/job-listings-python-developer-virtualware-innovations-hyderabad-pune-bengaluru-3-to-7-years-190922501879,
,https://www.naukri.com/job-listings-python-developer-virtualware-innovations-hyderabad-pune-bengaluru-3-to-7-years-190922501879,
,https://www.naukri.com/job-listings-python-developer-perfios-software-solutions-bengaluru-delhi-ncr-mumbai-all-areas-1-to-6-years-170325000069,
,https://www.naukri.com/job-listings-python-developer-perfios-software-solutions-bengaluru-delhi-ncr-mumbai-all-areas-1-to-6-years-170325000069,
,https://www.naukri.com/job-listings-python-developers-aegis-softtech-navi-mumbai-bengaluru-2-to-5-years-260824502124,
,https://www.naukri.com/job-listings-python-developers-aegis-softtech-navi-mumbai-bengaluru-2-to-5-years-260824502124,
,https://www.naukri.com/job-listings-python-developer-engineers-bluerose-technologies-pvt-ltd-bengaluru-2-to-7-years-220424501026,
,https://www.naukri.com/job-listings-python-developer-engineers-bluerose-technologies-pvt-ltd-bengaluru-2-to-7-years-220424501026,
,https://www.naukri.com/job-listings-python-developer-diverse-lynx-bengaluru-2-to-7-years-280625501175,
,https://www.naukri.com/job-listings-python-developer-diverse-lynx-bengaluru-2-to-7-years-280625501175,
,https://www.naukri.com/job-listings-python-developer-sp-capital-iq-india-pvt-ltd-bengaluru-1-to-2-years-270625925614,
,https://www.naukri.com/job-listings-python-developer-sp-capital-iq-india-pvt-ltd-bengaluru-1-to-2-years-270625925614,
,https://www.naukri.com/job-listings-python-developer-persistent-systems-limited-bengaluru-3-to-7-years-171024011437,
,https://www.naukri.com/job-listings-python-developer-persistent-systems-limited-bengaluru-3-to-7-years-171024011437,
,https://www.naukri.com/job-listings-python-developer-triad-square-infotec-pvt-ltd-hyderabad-chennai-bengaluru-3-to-5-years-270625500182,
,https://www.naukri.com/job-listings-python-developer-triad-square-infotec-pvt-ltd-hyderabad-chennai-bengaluru-3-to-5-years-270625500182,
,https://www.naukri.com/job-listings-python-developer-idrive-software-bengaluru-3-to-6-years-180625014169,
,https://www.naukri.com/job-listings-python-developer-idrive-software-bengaluru-3-to-6-years-180625014169,
,https://www.naukri.com/job-listings-python-developer-diverse-lynx-bengaluru-2-to-7-years-150525504261,
,https://www.naukri.com/job-listings-python-developer-diverse-lynx-bengaluru-2-to-7-years-150525504261,
,https://www.naukri.com/job-listings-python-developer-hunter-tech-ventures-pvt-ltd-bengaluru-0-to-2-years-140524501680,
,https://www.naukri.com/job-listings-python-developer-hunter-tech-ventures-pvt-ltd-bengaluru-0-to-2-years-140524501680,
,https://www.naukri.com/job-listings-python-developer-ssms-infotech-bengaluru-2-to-7-years-140225501982,
,https://www.naukri.com/job-listings-python-developer-ssms-infotech-bengaluru-2-to-7-years-140225501982,
,https://www.naukri.com/job-listings-python-developer-aritha-bengaluru-3-to-6-years-090125503007,
,https://www.naukri.com/job-listings-python-developer-aritha-bengaluru-3-to-6-years-090125503007,
,https://www.naukri.com/job-listings-python-developer-infosys-limited-bengaluru-3-to-5-years-030725924189,
,https://www.naukri.com/job-listings-python-developer-infosys-limited-bengaluru-3-to-5-years-030725924189,
,https://www.naukri.com/job-listings-python-developer-uplers-solutions-private-limited-bengaluru-3-to-5-years-240625915201,
,https://www.naukri.com/job-listings-python-developer-uplers-solutions-private-limited-bengaluru-3-to-5-years-240625915201,
,https://www.naukri.com/job-listings-serverless-architecture-python-developer-sportism-bengaluru-3-to-8-years-140525905693,
,https://www.naukri.com/job-listings-serverless-architecture-python-developer-sportism-bengaluru-3-to-8-years-140525905693,
,https://www.naukri.com/job-listings-python-developer-mirafra-bengaluru-3-to-6-years-030725026978,
,https://www.naukri.com/job-listings-python-developer-mirafra-bengaluru-3-to-6-years-030725026978,
,https://www.naukri.com/job-listings-python-developer-pegasus-knowledge-solutions-india-private-limited-bengaluru-2-to-6-years-290121501232,
,https://www.naukri.com/job-listings-python-developer-pegasus-knowledge-solutions-india-private-limited-bengaluru-2-to-6-years-290121501232,
,https://www.naukri.com/job-listings-python-developer-alphagrep-securities-bengaluru-2-to-5-years-280422500241,
,https://www.naukri.com/job-listings-python-developer-alphagrep-securities-bengaluru-2-to-5-years-280422500241,
