job_id,url,title,quality_score
090725901291,https://www.naukri.com/job-listings-data-engineer-etl-maimsd-technology-bengaluru-3-to-8-years-090725901291,Data Engineer - ETL,10
100625921783,https://www.naukri.com/job-listings-etl-and-bdx-developer-ntt-data-information-processing-services-private-l-imited-bengaluru-10-to-15-years-100625921783,ETL and BDX developer,10
080725004475,https://www.naukri.com/job-listings-lead-data-engineer-expian-technologies-bengaluru-8-to-12-years-080725004475,Lead Data Engineer,5
090725008709,https://www.naukri.com/job-listings-data-engineer-vipany-global-solutions-bengaluru-3-to-8-years-090725008709,Data Engineer,5
090625912412,https://www.naukri.com/job-listings-dct-data-engineer-geetha-technology-solutions-private-limited-indore-pune-bengaluru-1-to-3-years-090625912412,DCT Data Engineer,5
280525501795,https://www.naukri.com/job-listings-python-developer-total-shape-kolkata-mumbai-new-delhi-hyderabad-pune-chennai-bengaluru-1-to-4-years-280525501795,Python Developer,5
200525503689,https://www.naukri.com/job-listings-python-developer-prolegion-kolkata-mumbai-new-delhi-hyderabad-pune-chennai-bengaluru-2-to-5-years-200525503689,Python Developer,5
030325503491,https://www.naukri.com/job-listings-it-etl-developer-systechcorp-inc-kolkata-mumbai-new-delhi-hyderabad-pune-chennai-bengaluru-3-to-6-years-030325503491,IT - ETL Developer,5
080725004126,https://www.naukri.com/job-listings-data-engineer-or-etl-developer-acesoft-labs-bengaluru-3-to-6-years-080725004126,Data Engineer OR ETL Developer,5
250625010202,https://www.naukri.com/job-listings-etl-developer-iics-epam-systems-hyderabad-pune-bengaluru-6-to-11-years-250625010202,ETL Developer (IICS ),5
300625019535,https://www.naukri.com/job-listings-etl-developer-acesoft-labs-bengaluru-3-to-6-years-300625019535,Etl Developer,5
080725022542,https://www.naukri.com/job-listings-data-engineer-etl-developer-talend-power-bi-acesoft-labs-bengaluru-3-to-6-years-080725022542,Data Engineer/ETL Developer - Talend/Power BI,5
010725020227,https://www.naukri.com/job-listings-data-engineer-etl-developer-talend-power-bi-acesoft-labs-bengaluru-3-to-6-years-010725020227,Data Engineer/ETL Developer - Talend/Power BI,5
130325503834,https://www.naukri.com/job-listings-etl-developer-celeros-flow-technology-bengaluru-7-to-10-years-130325503834,ETL Developer,5
101222500190,https://www.naukri.com/job-listings-etl-developer-gforce-consulting-solutions-bengaluru-5-to-8-years-101222500190,ETL Developer,5
110725005108,https://www.naukri.com/job-listings-etl-developer-ssis-informatica-kumaran-systems-chennai-bengaluru-3-to-8-years-110725005108,ETL Developer - SSIS / Informatica,5
300625021780,https://www.naukri.com/job-listings-etl-developer-java-support-engineer-acesoft-labs-bengaluru-3-to-6-years-300625021780,ETL Developer cum Java Support Engineer,5
170625029376,https://www.naukri.com/job-listings-senior-mobile-developer-cashfree-payments-bengaluru-2-to-5-years-170625029376,Senior Mobile Developer,5
250221501112,https://www.naukri.com/job-listings-senior-etl-developer-diverse-lynx-bengaluru-3-to-8-years-250221501112,Senior ETL developer,5
230625918485,https://www.naukri.com/job-listings-senior-etl-developer-iics-kafka-snowflake-evnek-mumbai-new-delhi-bengaluru-4-to-6-years-230625918485,"Senior ETL Developer ( IICS, Kafka, Snowflake)",5
080725022258,https://www.naukri.com/job-listings-etl-python-pyspark-developer-cgi-bengaluru-6-to-9-years-080725022258,ETL - Python/Pyspark Developer,5
260625502263,https://www.naukri.com/job-listings-senior-etl-developer-talend-clifyx-technology-bengaluru-5-to-8-years-260625502263,Senior ETL Developer (Talend),5
200625930287,https://www.naukri.com/job-listings-sql-developer-iospl-technology-services-private-limited-noida-hyderabad-bengaluru-4-to-9-years-200625930287,SQL Developer,5
090725003371,https://www.naukri.com/job-listings-sql-developer-devon-software-services-bengaluru-3-to-5-years-090725003371,Sql Developer,5
260625937275,https://www.naukri.com/job-listings-hadoop-sql-developer-teamware-solutions-a-division-of-quantum-leap-co-nsulting-mumbai-bengaluru-5-to-7-years-260625937275,"Hadoop , SQL Developer",5
090625912415,https://www.naukri.com/job-listings-sql-developer-geetha-technology-solutions-private-limited-bengaluru-5-to-10-years-090625912415,SQL Developer,5
240625018225,https://www.naukri.com/job-listings-sql-developer-zentek-infosoft-hyderabad-chennai-bengaluru-3-to-8-years-240625018225,SQL Developer,5
170625026907,https://www.naukri.com/job-listings-sql-developer-e-solutions-bangalore-rural-bengaluru-8-to-12-years-170625026907,Sql Developer,5
240625505820,https://www.naukri.com/job-listings-sql-developer-clifyx-technology-bengaluru-5-to-10-years-240625505820,SQL Developer,5
100725501522,https://www.naukri.com/job-listings-data-engineer-stack-digital-kolkata-mumbai-new-delhi-hyderabad-pune-chennai-bengaluru-2-to-5-years-100725501522,Data Engineer,0
090725500511,https://www.naukri.com/job-listings-data-engineer-circle-k-stores-inc-kolkata-mumbai-new-delhi-hyderabad-pune-chennai-bengaluru-3-to-8-years-090725500511,Data Engineer,0
080725021884,https://www.naukri.com/job-listings-python-data-engineer-helios-placement-solution-mumbai-pune-bengaluru-3-to-8-years-080725021884,Python Data Engineer,0
280625500828,https://www.naukri.com/job-listings-data-engineer-nps-prism-kolkata-mumbai-new-delhi-hyderabad-pune-chennai-bengaluru-3-to-6-years-280625500828,Data Engineer,0
020725504644,https://www.naukri.com/job-listings-data-engineer-databricks-inorg-global-kolkata-mumbai-new-delhi-hyderabad-pune-chennai-bengaluru-3-to-8-years-020725504644,Data Engineer â€“ Databricks,0
020725505762,https://www.naukri.com/job-listings-data-engineer-the-lifetime-value-co-kolkata-mumbai-new-delhi-hyderabad-pune-chennai-bengaluru-1-to-2-years-020725505762,Data Engineer,0
301020500936,https://www.naukri.com/job-listings-data-engineer-arsr-technologies-kolkata-mumbai-new-delhi-hyderabad-pune-chennai-bengaluru-1-to-3-years-301020500936,Data Engineer,0
210125501878,https://www.naukri.com/job-listings-data-engineer-fractal-analytics-ltd-mumbai-pune-chennai-gurugram-bengaluru-3-to-7-years-210125501878,Data Engineer,0
030125501136,https://www.naukri.com/job-listings-data-engineer-comviva-technologies-limited-kolkata-mumbai-new-delhi-hyderabad-pune-chennai-bengaluru-2-to-3-years-030125501136,Data Engineer,0
110625501715,https://www.naukri.com/job-listings-data-engineer-databricks-inorg-global-kolkata-mumbai-new-delhi-hyderabad-pune-chennai-bengaluru-2-to-5-years-110625501715,Data Engineer - Databricks,0
300724502038,https://www.naukri.com/job-listings-data-engineer-arp-investments-kolkata-mumbai-new-delhi-hyderabad-pune-chennai-bengaluru-2-to-6-years-300724502038,Data Engineer,0
270325506594,https://www.naukri.com/job-listings-data-engineer-investcloud-inc-kolkata-mumbai-new-delhi-hyderabad-pune-chennai-bengaluru-1-to-4-years-270325506594,Data Engineer,0
260624500498,https://www.naukri.com/job-listings-data-engineer-sapaad-software-kolkata-mumbai-new-delhi-hyderabad-pune-chennai-bengaluru-2-to-7-years-260624500498,Data Engineer,0
250225501354,https://www.naukri.com/job-listings-data-engineer-ssis-and-tableau-tech-stalwart-solution-private-limited-kolkata-mumbai-new-delhi-hyderabad-pune-chennai-bengaluru-3-to-8-years-250225501354,Data Engineer - SSIS and Tableau,0
230425503776,https://www.naukri.com/job-listings-data-engineer-etl-go-databricks-instinctools-kolkata-mumbai-new-delhi-hyderabad-pune-chennai-bengaluru-2-to-6-years-230425503776,"Data Engineer (ETL, Go, Databricks)",0
200125502764,https://www.naukri.com/job-listings-data-engineer-photon-infotech-p-ltd-kolkata-mumbai-new-delhi-hyderabad-pune-chennai-bengaluru-3-to-7-years-200125502764,Data Engineer,0
170323502153,https://www.naukri.com/job-listings-data-engineer-star4rall-it-solutions-private-limited-kolkata-mumbai-new-delhi-hyderabad-pune-chennai-bengaluru-1-to-5-years-170323502153,Data Engineer,0
150125501602,https://www.naukri.com/job-listings-data-engineer-netlink-software-group-america-inc-kolkata-mumbai-new-delhi-hyderabad-pune-chennai-bengaluru-1-to-4-years-150125501602,Data Engineer,0
140525503526,https://www.naukri.com/job-listings-data-engineer-edgematics-kolkata-mumbai-new-delhi-hyderabad-pune-chennai-bengaluru-1-to-4-years-140525503526,Data Engineer,0
140525500538,https://www.naukri.com/job-listings-data-engineer-ztek-consulting-pvt-ltd-kolkata-mumbai-new-delhi-hyderabad-pune-chennai-bengaluru-3-to-7-years-140525500538,Data engineer,0
140324500140,https://www.naukri.com/job-listings-data-engineer-beinex-consulting-kolkata-mumbai-new-delhi-hyderabad-pune-chennai-bengaluru-0-to-1-years-140324500140,Data Engineer,0
110725509163,https://www.naukri.com/job-listings-data-engineers-rearc-pune-bengaluru-vadodara-2-to-7-years-110725509163,Data Engineers,0
101123500226,https://www.naukri.com/job-listings-data-engineer-photon-infotech-p-ltd-kolkata-mumbai-new-delhi-hyderabad-pune-chennai-bengaluru-2-to-5-years-101123500226,Data Engineer,0
090824502302,https://www.naukri.com/job-listings-data-engineer-techtammina-llc-kolkata-mumbai-new-delhi-hyderabad-pune-chennai-bengaluru-3-to-5-years-090824502302,Data Engineer,0
090824501377,https://www.naukri.com/job-listings-data-engineer-introlligent-introlligent-kolkata-mumbai-new-delhi-hyderabad-pune-chennai-bengaluru-2-to-4-years-090824501377,Data Engineer - Introlligent,0
070624501928,https://www.naukri.com/job-listings-data-engineer-drivetrain-kolkata-mumbai-new-delhi-hyderabad-pune-chennai-bengaluru-1-to-5-years-070624501928,Data Engineer,0
060225504905,https://www.naukri.com/job-listings-data-engineer-tpc-response-informatics-kolkata-mumbai-new-delhi-hyderabad-pune-chennai-bengaluru-2-to-4-years-060225504905,Data Engineer TPC,0
060225502140,https://www.naukri.com/job-listings-data-engineer-photon-infotech-p-ltd-kolkata-mumbai-new-delhi-hyderabad-pune-chennai-bengaluru-2-to-5-years-060225502140,Data Engineer,0
050525501999,https://www.naukri.com/job-listings-data-engineer-retailcloud-kolkata-mumbai-new-delhi-hyderabad-pune-chennai-bengaluru-1-to-4-years-050525501999,Data Engineer,0
041024501752,https://www.naukri.com/job-listings-sql-developer-data-engineer-itfirst-consultants-kolkata-mumbai-new-delhi-hyderabad-pune-chennai-bengaluru-3-to-7-years-041024501752,SQL Developer / Data Engineer,0
040425502173,https://www.naukri.com/job-listings-data-engineer-dataiku-python-infocepts-kolkata-mumbai-new-delhi-hyderabad-pune-chennai-bengaluru-3-to-8-years-040425502173,Data Engineer - Dataiku / Python,0
030125501915,https://www.naukri.com/job-listings-data-engineer-tech-stalwart-solution-private-limited-kolkata-mumbai-new-delhi-hyderabad-pune-chennai-bengaluru-2-to-6-years-030125501915,Data Engineer,0
010525501092,https://www.naukri.com/job-listings-data-engineer-nityo-infotech-kolkata-mumbai-new-delhi-hyderabad-pune-chennai-bengaluru-3-to-5-years-010525501092,Data Engineer,0
010523501678,https://www.naukri.com/job-listings-data-engineer-open-insights-kolkata-mumbai-new-delhi-hyderabad-pune-chennai-bengaluru-2-to-5-years-010523501678,Data Engineer,0
100625010325,https://www.naukri.com/job-listings-junior-data-engineer-talent-corner-hr-services-bengaluru-1-to-5-years-100625010325,Junior Data Engineer,0
260625938054,https://www.naukri.com/job-listings-data-engineer-henson-group-pune-chennai-bengaluru-0-to-1-years-260625938054,Data Engineer,0
020725922143,https://www.naukri.com/job-listings-data-engineer-uplers-solutions-private-limited-mumbai-new-delhi-bengaluru-3-to-5-years-020725922143,Data Engineer,0
020725505742,https://www.naukri.com/job-listings-data-engineer-atlassian-kolkata-mumbai-new-delhi-hyderabad-pune-chennai-bengaluru-5-to-10-years-020725505742,Data Engineer,0
010725502632,https://www.naukri.com/job-listings-data-engineer-neal-analytics-noida-mumbai-pune-chennai-gurugram-bengaluru-6-to-12-years-010725502632,Data Engineer,0
010725501403,https://www.naukri.com/job-listings-data-engineer-fractal-analytics-ltd-noida-mumbai-pune-chennai-gurugram-bengaluru-6-to-12-years-010725501403,Data Engineer,0
130625926665,https://www.naukri.com/job-listings-data-engineer-bay-area-technology-solutions-mumbai-delhi-ncr-bengaluru-3-to-5-years-130625926665,Data Engineer,0
260922500705,https://www.naukri.com/job-listings-data-engineer-accolite-software-india-pvt-ltd-pune-bengaluru-2-to-6-years-260922500705,Data Engineer,0
240625936383,https://www.naukri.com/job-listings-data-engineer-apex-group-kolkata-mumbai-hyderabad-pune-bengaluru-5-to-7-years-240625936383,Data Engineer,0
150525504175,https://www.naukri.com/job-listings-data-engineer-databricks-infocepts-nagpur-pune-chennai-bengaluru-3-to-8-years-150525504175,Data Engineer- Databricks,0
110725503832,https://www.naukri.com/job-listings-data-engineer-apexon-bengaluru-3-to-10-years-110725503832,Data Engineer,0
110725501814,https://www.naukri.com/job-listings-data-engineer-entomo-gtdic-bengaluru-3-to-5-years-110725501814,Data Engineer,0
100725931049,https://www.naukri.com/job-listings-data-engineer-accenture-solutions-pvt-ltd-bengaluru-3-to-8-years-100725931049,Data Engineer,0
050625503324,https://www.naukri.com/job-listings-data-engineer-bizmetric-india-private-limited-mumbai-gurugram-bengaluru-2-to-4-years-050625503324,Data Engineer,0
300723500787,https://www.naukri.com/job-listings-data-engineer-virtualware-innovations-kolkata-mumbai-new-delhi-hyderabad-pune-chennai-bengaluru-5-to-10-years-300723500787,Data Engineer,0
280525501836,https://www.naukri.com/job-listings-data-engineer-artify-talent-studio-kolkata-mumbai-new-delhi-hyderabad-pune-chennai-bengaluru-4-to-8-years-280525501836,Data Engineer,0
260225501877,https://www.naukri.com/job-listings-data-engineer-mivada-kolkata-mumbai-new-delhi-hyderabad-pune-chennai-bengaluru-8-to-13-years-260225501877,Data Engineer,0
100725503928,https://www.naukri.com/job-listings-python-developer-xcel-hires-managment-solutions-pvt-ltd-bengaluru-3-to-7-years-100725503928,Python Developer,0
040725502579,https://www.naukri.com/job-listings-python-developer-diverse-lynx-bengaluru-2-to-7-years-040725502579,Python Developer,0
280625501175,https://www.naukri.com/job-listings-python-developer-diverse-lynx-bengaluru-2-to-7-years-280625501175,Python Developer,0
270625500182,https://www.naukri.com/job-listings-python-developer-triad-square-infotec-pvt-ltd-hyderabad-chennai-bengaluru-3-to-5-years-270625500182,Python Developer,0
270625505185,https://www.naukri.com/job-listings-software-developer-c-and-python-ericsson-india-global-services-pvt-ltd-bengaluru-3-to-6-years-270625505185,Software Developer C++ and Python,0
121124502854,https://www.naukri.com/job-listings-python-developer-appzlogic-mobility-solutions-pvt-ltd-kolkata-mumbai-new-delhi-hyderabad-pune-chennai-bengaluru-0-to-3-years-121124502854,Python Developer,0
070823501164,https://www.naukri.com/job-listings-python-developer-riveredge-analytics-pvt-ltd-kolkata-mumbai-new-delhi-hyderabad-pune-chennai-bengaluru-1-to-5-years-070823501164,Python developer,0
061223500473,https://www.naukri.com/job-listings-python-developer-intelgic-technologies-pvt-ltd-kolkata-mumbai-new-delhi-hyderabad-pune-chennai-bengaluru-2-to-5-years-061223500473,PYTHON DEVELOPER,0
041024501749,https://www.naukri.com/job-listings-python-developer-mwb-technologies-kolkata-mumbai-new-delhi-hyderabad-pune-chennai-bengaluru-2-to-6-years-041024501749,Python Developer,0
031122501111,https://www.naukri.com/job-listings-python-developer-calsoft-pvt-ltd-pune-bengaluru-3-to-10-years-031122501111,Python Developer,0
050725500647,https://www.naukri.com/job-listings-python-developer-ztek-consulting-pvt-ltd-kolkata-mumbai-new-delhi-hyderabad-pune-chennai-bengaluru-4-to-9-years-050725500647,Python Developer,0
250625924485,https://www.naukri.com/job-listings-python-developer-infrrd-private-limited-bengaluru-3-to-5-years-250625924485,Python Developer,0
291222500709,https://www.naukri.com/job-listings-python-developer-diverse-lynx-bengaluru-2-to-6-years-291222500709,PYTHON DEVELOPER,0
291024500427,https://www.naukri.com/job-listings-python-developer-ootdootn-bengaluru-3-to-5-years-291024500427,Python Developer,0
290823501493,https://www.naukri.com/job-listings-python-developer-socbridge-semiconductors-private-limited-bengaluru-2-to-5-years-290823501493,Python Developer,0
240223501200,https://www.naukri.com/job-listings-python-developer-savantys-solutions-hyderabad-bengaluru-3-to-8-years-240223501200,Python Developer,0
221024502612,https://www.naukri.com/job-listings-python-developer-foosilz-bengaluru-3-to-5-years-221024502612,Python Developer,0
200722502058,https://www.naukri.com/job-listings-python-developer-diverse-lynx-bengaluru-2-to-6-years-200722502058,Python Developer,0
170225502077,https://www.naukri.com/job-listings-python-developer-millennium-management-llc-bengaluru-2-to-5-years-170225502077,Python Developer,0
160525500852,https://www.naukri.com/job-listings-python-developer-bangalore-diverse-lynx-bengaluru-2-to-7-years-160525500852,Python-Developer- Bangalore,0
160425505729,https://www.naukri.com/job-listings-python-developer-millennium-management-llc-bengaluru-2-to-5-years-160425505729,Python Developer,0
150525504261,https://www.naukri.com/job-listings-python-developer-diverse-lynx-bengaluru-2-to-7-years-150525504261,Python Developer,0
140524501680,https://www.naukri.com/job-listings-python-developer-hunter-tech-ventures-pvt-ltd-bengaluru-0-to-2-years-140524501680,Python Developer,0
140225501982,https://www.naukri.com/job-listings-python-developer-ssms-infotech-bengaluru-2-to-7-years-140225501982,Python Developer,0
120525503018,https://www.naukri.com/job-listings-python-developer-terralogic-software-solutions-pvt-ltd-bengaluru-2-to-5-years-120525503018,Python Developer,0
110221500656,https://www.naukri.com/job-listings-python-developer-diverse-lynx-bengaluru-2-to-6-years-110221500656,Python Developer,0
100625503044,https://www.naukri.com/job-listings-python-developer-tech-stalwart-solution-private-limited-bengaluru-2-to-7-years-100625503044,Python Developer,0
060225502359,https://www.naukri.com/job-listings-python-developer-maplelabs-solutions-private-limited-bengaluru-1-to-6-years-060225502359,Python Developer,0
031024500190,https://www.naukri.com/job-listings-python-developer-sixth-circle-technologies-bengaluru-3-to-5-years-031024500190,Python Developer,0
070423500776,https://www.naukri.com/job-listings-python-developer-acme-services-bengaluru-2-to-6-years-070423500776,Python Developer,0
280723500633,https://www.naukri.com/job-listings-python-developer-iti-wissda-inc-bengaluru-3-to-7-years-280723500633,Python Developer- Iti,0
100725034937,https://www.naukri.com/job-listings-python-developer-talentico-consultancy-services-bengaluru-10-to-17-years-100725034937,Python Developer,0
300625501168,https://www.naukri.com/job-listings-python-developer-acsia-tech-bengaluru-6-to-8-years-300625501168,Python Developer,0
030725502186,https://www.naukri.com/job-listings-python-developer-mindteck-bengaluru-10-to-13-years-030725502186,Python Developer,0
020725504010,https://www.naukri.com/job-listings-python-developer-rarr-technologies-bengaluru-5-to-10-years-020725504010,Python Developer,0
010725502920,https://www.naukri.com/job-listings-python-developer-gloinnt-bengaluru-4-to-7-years-010725502920,Python Developer,0
160625500896,https://www.naukri.com/job-listings-software-developer-c-and-python-cradlepoint-bengaluru-2-to-5-years-160625500896,Software Developer - C++ and Python,0
160625500730,https://www.naukri.com/job-listings-software-developer-c-and-python-ericsson-india-global-services-pvt-ltd-bengaluru-1-to-6-years-160625500730,Software Developer - C++ and Python,0
130125501366,https://www.naukri.com/job-listings-python-ml-developer-ennvee-technogroup-bengaluru-3-to-6-years-130125501366,Python / ML Developer,0
270625026673,https://www.naukri.com/job-listings-python-developer-idexcel-bengaluru-4-to-8-years-270625026673,Python Developer,0
240625506455,https://www.naukri.com/job-listings-python-developer-sandhata-technologies-kolkata-mumbai-new-delhi-hyderabad-pune-chennai-bengaluru-4-to-9-years-240625506455,Python Developer,0
170625504835,https://www.naukri.com/job-listings-python-developer-apex-2000-inc-kolkata-mumbai-new-delhi-hyderabad-pune-chennai-bengaluru-4-to-7-years-170625504835,Python Developer,0
180625019684,https://www.naukri.com/job-listings-python-developer-kns-technologies-bengaluru-2-to-3-years-180625019684,Python Developer,0
280525504616,https://www.naukri.com/job-listings-python-developer-diverse-lynx-bengaluru-6-to-7-years-280525504616,Python Developer,0
240625503172,https://www.naukri.com/job-listings-python-developer-diverse-lynx-bengaluru-4-to-6-years-240625503172,Python Developer,0
230625913578,https://www.naukri.com/job-listings-python-developer-dell-international-services-india-private-limited-hyderabad-bengaluru-5-to-8-years-230625913578,Python Developer,0
270324501421,https://www.naukri.com/job-listings-python-developer-pradeepit-bengaluru-4-to-9-years-270324501421,Python Developer,0
220124500073,https://www.naukri.com/job-listings-python-developer-covalense-global-hyderabad-bengaluru-8-to-13-years-220124500073,Python Developer,0
150525504266,https://www.naukri.com/job-listings-python-developer-diverse-lynx-bengaluru-4-to-6-years-150525504266,Python Developer,0
090622502081,https://www.naukri.com/job-listings-python-developer-diverse-lynx-bengaluru-4-to-6-years-090622502081,Python Developer,0
050221502229,https://www.naukri.com/job-listings-python-developer-diverse-lynx-bengaluru-5-to-10-years-050221502229,Python Developer,0
270318500543,https://www.naukri.com/job-listings-python-developer-mspring-infotech-chennai-bengaluru-5-to-7-years-270318500543,Python Developer,0
080725011916,https://www.naukri.com/job-listings-software-engineer-python-developer-izmo-ltd-bengaluru-3-to-5-years-080725011916,Software Engineer (Python Developer),0
311022501845,https://www.naukri.com/job-listings-python-with-javascript-visualization-developer-savantys-solutions-mumbai-hyderabad-bengaluru-4-to-9-years-311022501845,Python with JavaScript (Visualization Developer),0
281024502438,https://www.naukri.com/job-listings-python-developer-brillius-kolkata-mumbai-new-delhi-hyderabad-pune-chennai-bengaluru-3-to-7-years-281024502438,Python Developer,0
260723500176,https://www.naukri.com/job-listings-python-developer-the-it-mind-kolkata-mumbai-new-delhi-hyderabad-pune-chennai-bengaluru-2-to-5-years-260723500176,Python Developer,0
240325503905,https://www.naukri.com/job-listings-python-developer-contingentpros-kolkata-mumbai-new-delhi-hyderabad-pune-chennai-bengaluru-2-to-5-years-240325503905,PYTHON DEVELOPER,0
290525504176,https://www.naukri.com/job-listings-etl-developer-euclid-innovations-pvt-ltd-bengaluru-5-to-7-years-290525504176,ETL Developer,0
260324502017,https://www.naukri.com/job-listings-database-etl-developer-pradeepit-bengaluru-6-to-8-years-260324502017,Database/ETL Developer,0
020725503989,https://www.naukri.com/job-listings-data-engineer-etl-and-azure-developer-acl-digital-bengaluru-5-to-10-years-020725503989,Data Engineer - ETL and Azure developer,0
311224500670,https://www.naukri.com/job-listings-matillion-etl-developer-systechcorp-inc-kolkata-mumbai-new-delhi-hyderabad-pune-chennai-bengaluru-2-to-6-years-311224500670,Matillion ETL Developer,0
131124503931,https://www.naukri.com/job-listings-azure-etl-developer-fort-technologies-kolkata-mumbai-new-delhi-hyderabad-pune-chennai-bengaluru-2-to-6-years-131124503931,Azure ETL Developer,0
240625934139,https://www.naukri.com/job-listings-etl-developer-evnek-mumbai-new-delhi-bengaluru-3-to-8-years-240625934139,ETL Developer,0
260318505377,https://www.naukri.com/job-listings-etl-developer-and-etl-testing-mspring-infotech-mumbai-hyderabad-chennai-bengaluru-2-to-7-years-260318505377,ETL Developer and ETL Testing,0
260625502260,https://www.naukri.com/job-listings-etl-developer-clifyx-technology-bengaluru-2-to-5-years-260625502260,ETL Developer,0
010725025178,https://www.naukri.com/job-listings-etl-developer-wissen-technology-hyderabad-pune-bengaluru-6-to-10-years-010725025178,ETL Developer,0
310119501836,https://www.naukri.com/job-listings-etl-developer-scalein-bengaluru-1-to-6-years-310119501836,ETL Developer,0
260724500578,https://www.naukri.com/job-listings-etl-developer-naghavi-fintech-bengaluru-3-to-8-years-260724500578,ETL Developer,0
260324502064,https://www.naukri.com/job-listings-etl-developer-pradeepit-bengaluru-2-to-5-years-260324502064,ETL Developer,0
100523502298,https://www.naukri.com/job-listings-etl-developer-diverse-lynx-bengaluru-2-to-6-years-100523502298,ETL Developer,0
030425500103,https://www.naukri.com/job-listings-etl-developer-allegis-global-solution-bengaluru-2-to-6-years-030425500103,ETL Developer,0
110725503833,https://www.naukri.com/job-listings-databricks-etl-developer-apexon-bengaluru-4-to-6-years-110725503833,Databricks ETL Developer,0
100725020988,https://www.naukri.com/job-listings-databricks-etl-developer-apexon-bengaluru-4-to-6-years-100725020988,Databricks ETL Developer,0
300625006430,https://www.naukri.com/job-listings-etl-developer-flipcarbon-integrated-solutions-bengaluru-5-to-9-years-300625006430,Etl Developer,0
270625026612,https://www.naukri.com/job-listings-data-engineer-expian-technologies-bengaluru-5-to-10-years-270625026612,Data Engineer,0
240625503847,https://www.naukri.com/job-listings-etl-developer-hireflex247-india-private-limited-bengaluru-4-to-7-years-240625503847,ETL Developer,0
200625020059,https://www.naukri.com/job-listings-etl-developer-with-odi-sal-max-up-to-20-lpa-creative-hands-hr-chennai-bengaluru-5-to-8-years-200625020059,"Etl Developer with ODI, sal max up To 20 lpa,",0
220525502447,https://www.naukri.com/job-listings-etl-developer-se-mentor-solutions-p-ltd-kochi-bengaluru-4-to-5-years-220525502447,ETL Developer,0
121023502039,https://www.naukri.com/job-listings-etl-developer-odi-unison-consulting-bengaluru-10-to-12-years-121023502039,ETL Developer (ODI),0
100625502034,https://www.naukri.com/job-listings-etl-developer-guidewire-software-inc-bengaluru-5-to-10-years-100625502034,ETL Developer,0
100221500176,https://www.naukri.com/job-listings-etl-developer-diverse-lynx-bengaluru-4-to-6-years-100221500176,ETL Developer,0
090221500149,https://www.naukri.com/job-listings-etl-developer-diverse-lynx-hyderabad-bengaluru-4-to-6-years-090221500149,ETL Developer,0
080525503811,https://www.naukri.com/job-listings-etl-developer-clifyx-technology-bengaluru-5-to-8-years-080525503811,ETL developer,0
030425500396,https://www.naukri.com/job-listings-etl-developer-python-luxoft-bengaluru-6-to-10-years-030425500396,ETL Developer - Python,0
190625031144,https://www.naukri.com/job-listings-hiring-for-odi-etl-developer-for-mnc-permanent-role-direction-chennai-bengaluru-5-to-10-years-190625031144,Hiring For  ODI - ETL Developer For MNC - Permanent role,0
010725916064,https://www.naukri.com/job-listings-stream-sets-etl-developer-associate-deutsche-bank-ag-pune-bengaluru-3-to-7-years-010725916064,"Stream sets ETL Developer, Associate",0
020725019570,https://www.naukri.com/job-listings-coding-and-robotics-teacher-k12-techno-services-bengaluru-0-to-5-years-020725019570,Coding and Robotics Teacher,0
270625931780,https://www.naukri.com/job-listings-streamsets-etl-developer-associate-deutsche-bank-ag-pune-bengaluru-4-to-8-years-270625931780,"Streamsets ETL Developer, Associate",0
250625501158,https://www.naukri.com/job-listings-etl-and-bdx-developer-ntt-data-bengaluru-3-to-7-years-250625501158,ETL and BDX developer,0
090725906326,https://www.naukri.com/job-listings-etl-ssis-developer-mindcube-solutions-bengaluru-5-to-8-years-090725906326,ETL SSIS Developer,0
271223501652,https://www.naukri.com/job-listings-etl-developer-informatica-power-centre-sql-cloud-iics-diverse-lynx-bengaluru-3-to-7-years-271223501652,"ETL Developer (Informatica Power Centre, SQL, Cloud IICS)",0
250625915684,https://www.naukri.com/job-listings-etl-developer-with-talend-evnek-mumbai-new-delhi-bengaluru-4-to-5-years-250625915684,ETL Developer with Talend,0
180625500173,https://www.naukri.com/job-listings-talend-etl-developer-tarento-technologies-pvt-ltd-bengaluru-3-to-5-years-180625500173,Talend ETL Developer,0
130125504729,https://www.naukri.com/job-listings-etl-developer-talend-conneqtbusinesssolutions-bengaluru-3-to-6-years-130125504729,ETL Developer(Talend),0
110725925734,https://www.naukri.com/job-listings-semantic-web-etl-developer-siemens-limited-bengaluru-india-6-to-8-years-110725925734,Semantic Web ETL Developer,0
080725502126,https://www.naukri.com/job-listings-python-etl-and-devops-developer-ntt-data-bengaluru-6-to-9-years-080725502126,"Python, ETL and DevOps - Developer",0
270625026447,https://www.naukri.com/job-listings-etl-teradata-developer-bangalore-location-only-hr-solutions-bengaluru-8-to-13-years-270625026447,"ETL Teradata Developer, Bangalore location only",0
270625923458,https://www.naukri.com/job-listings-semantic-web-etl-developer-siemens-limited-bengaluru-6-to-8-years-270625923458,Semantic Web ETL Developer,0
040725919812,https://www.naukri.com/job-listings-sql-developer-soul-ai-bengaluru-1-to-3-years-040725919812,SQL Developer,0
290625003931,https://www.naukri.com/job-listings-sql-developer-hcltech-hyderabad-chennai-bengaluru-3-to-8-years-290625003931,Sql Developer,0
190525503765,https://www.naukri.com/job-listings-sql-developer-diverse-lynx-bengaluru-1-to-2-years-190525503765,SQL Developer,0
130125505224,https://www.naukri.com/job-listings-sql-developer-webkit24-kolkata-mumbai-new-delhi-hyderabad-pune-chennai-bengaluru-4-to-8-years-130125505224,SQL Developer,0
010725028712,https://www.naukri.com/job-listings-sql-developer-tatva-software-services-bengaluru-4-to-9-years-010725028712,Sql Developer,0
280823501082,https://www.naukri.com/job-listings-sql-developer-codersbrain-india-kolkata-mumbai-new-delhi-hyderabad-pune-chennai-bengaluru-2-to-15-years-280823501082,SQL Developer,0
200824501969,https://www.naukri.com/job-listings-sql-developer-techhost-services-kolkata-mumbai-new-delhi-hyderabad-pune-chennai-bengaluru-4-to-6-years-200824501969,SQL developer,0
310723500138,https://www.naukri.com/job-listings-sql-developer-data-collection-infotech-india-private-limited-bengaluru-1-to-4-years-310723500138,SQL Developer,0
270522502201,https://www.naukri.com/job-listings-sql-developer-diverse-lynx-bengaluru-2-to-6-years-270522502201,Sql Developer,0
230625923525,https://www.naukri.com/job-listings-sql-developer-ssas-and-aws-exp-innova-esi-pune-gurugram-bengaluru-5-to-10-years-230625923525,SQL Developer (SSAS and AWS Exp),0
230525504147,https://www.naukri.com/job-listings-sql-developer-diverse-lynx-hubli-mangaluru-mysuru-bengaluru-belgaum-1-to-2-years-230525504147,SQL Developer,0
220722501025,https://www.naukri.com/job-listings-sql-developer-diverse-lynx-bengaluru-2-to-6-years-220722501025,Sql Developer,0
210525503550,https://www.naukri.com/job-listings-js-sql-developer-wolken-software-pvt-ltd-bengaluru-0-to-1-years-210525503550,JS/SQL Developer,0
200622501031,https://www.naukri.com/job-listings-sql-developer-laminaar-aviation-infotech-bengaluru-3-to-6-years-200622501031,SQL Developer,0
200423500678,https://www.naukri.com/job-listings-sql-developer-acme-services-bengaluru-2-to-6-years-200423500678,SQL Developer,0
160722500454,https://www.naukri.com/job-listings-sql-developer-diverse-lynx-bengaluru-2-to-6-years-160722500454,sql developer,0
141221501244,https://www.naukri.com/job-listings-sql-developer-diverse-lynx-bengaluru-2-to-6-years-141221501244,SQL Developer,0
111223500559,https://www.naukri.com/job-listings-powerbi-sql-developer-diverse-lynx-bengaluru-2-to-7-years-111223500559,PowerBI SQL Developer,0
100523503538,https://www.naukri.com/job-listings-sql-developer-diverse-lynx-bengaluru-2-to-6-years-100523503538,SQL Developer,0
080824500177,https://www.naukri.com/job-listings-sql-developer-evolvus-solutions-bengaluru-2-to-3-years-080824500177,SQL Developer,0
061223500892,https://www.naukri.com/job-listings-sql-developer-diverse-lynx-bengaluru-2-to-4-years-061223500892,SQL Developer,0
061023500992,https://www.naukri.com/job-listings-sql-developer-technology-arena-investors-lp-bengaluru-3-to-5-years-061023500992,SQL Developer - Technology,0
200625501611,https://www.naukri.com/job-listings-aras-developer-ornnova-technologies-india-private-limited-kolkata-mumbai-new-delhi-hyderabad-pune-chennai-bengaluru-5-to-8-years-200625501611,Aras Developer,0
100725502192,https://www.naukri.com/job-listings-java-sql-developer-stack-digital-kolkata-mumbai-new-delhi-hyderabad-pune-chennai-bengaluru-3-to-7-years-100725502192,Java SQL Developer,0
260625937985,https://www.naukri.com/job-listings-hana-sql-developer-strategic-skill-tech-chennai-bengaluru-3-to-5-years-260625937985,HANA / SQL Developer,0
080725017322,https://www.naukri.com/job-listings-oracle-forms-developer-pl-sql-and-oracle-database-amiti-software-technologies-pvt-ltd-bengaluru-2-to-5-years-080725017322,"Oracle Forms developer (PL/SQL, and Oracle Database)",0
270625936425,https://www.naukri.com/job-listings-postgres-sql-developer-hankersystems-india-bengaluru-8-to-12-years-270625936425,Postgres SQL Developer,0
150525007530,https://www.naukri.com/job-listings-sql-developer-with-powerbi-experience-in-writing-sql-queries-hindustan-coca-cola-beverages-hccb-bengaluru-4-to-5-years-150525007530,SQL Developer with PowerBI (Experience in writing SQL Queries),0
280423501839,https://www.naukri.com/job-listings-sql-developer-diverse-lynx-bengaluru-2-to-6-years-280423501839,SQL Developer,0
080922501231,https://www.naukri.com/job-listings-postgres-sql-developer-diverse-lynx-bengaluru-3-to-5-years-080922501231,Postgres SQL Developer,0
020725927523,https://www.naukri.com/job-listings-ibm-ace-developer-5-to-12-year-bangalore-capgemini-technology-services-india-limited-bengaluru-3-to-6-years-020725927523,IBM ACE Developer | 5 To 12 year | Bangalore,0
220125500622,https://www.naukri.com/job-listings-saviynt-developers-krazy-mantra-group-of-companies-kolkata-mumbai-new-delhi-hyderabad-pune-chennai-bengaluru-1-to-4-years-220125500622,Saviynt Developers,0
180225501243,https://www.naukri.com/job-listings-developer-sql-farshore-software-development-p-ltd-kolkata-mumbai-new-delhi-hyderabad-pune-chennai-bengaluru-0-to-2-years-180225501243,Developer - SQL,0
260324502116,https://www.naukri.com/job-listings-sql-developer-pradeepit-bengaluru-8-to-13-years-260324502116,SQL Developer,0
160924501773,https://www.naukri.com/job-listings-snowflake-python-sql-developer-pradeepit-bengaluru-4-to-6-years-160924501773,Snowflake + Python + SQL Developer,0
160425502753,https://www.naukri.com/job-listings-hadoop-hive-pyspark-sql-developer-allime-tech-solutions-bengaluru-4-to-8-years-160425502753,"Hadoop, Hive, Pyspark, SQL Developer",0
140525500255,https://www.naukri.com/job-listings-python-sql-developer-clifyx-technology-bengaluru-6-to-8-years-140525500255,Python SQL Developer,0
050225501200,https://www.naukri.com/job-listings-data-management-reporting-programmer-sql-developer-premier-research-kolkata-mumbai-new-delhi-hyderabad-pune-chennai-bengaluru-3-to-5-years-050225501200,Data Management Reporting Programmer (SQL Developer),0
081024502814,https://www.naukri.com/job-listings-whmcs-developer-seekahost-kolkata-mumbai-new-delhi-hyderabad-pune-chennai-bengaluru-2-to-7-years-081024502814,WHMCS Developer,0
290318501556,https://www.naukri.com/job-listings-oracle-pl-sql-developer-database-mspring-infotech-mumbai-hyderabad-pune-chennai-bengaluru-2-to-4-years-290318501556,Oracle Pl / sql Developer - Database,0
270720500300,https://www.naukri.com/job-listings-sr-my-sql-developer-heerasoft-technologies-kolkata-mumbai-new-delhi-hyderabad-pune-chennai-bengaluru-3-to-5-years-270720500300,Sr. My SQL Developer,0
260823500998,https://www.naukri.com/job-listings-pl-sql-developer-markcipher-kolkata-mumbai-new-delhi-hyderabad-pune-chennai-bengaluru-2-to-5-years-260823500998,PL/SQL Developer,0
191023500125,https://www.naukri.com/job-listings-oracle-pl-sql-developer-godigi-infotech-mumbai-hyderabad-pune-bengaluru-0-to-1-years-191023500125,Oracle PL/SQL Developer,0
060625502679,https://www.naukri.com/job-listings-java-pl-sql-developer-core-banking-oracle-india-pvt-ltd-kolkata-mumbai-new-delhi-hyderabad-pune-chennai-bengaluru-3-to-9-years-060625502679,Java/ PL/SQL Developer - Core Banking,0
021224502145,https://www.naukri.com/job-listings-pl-sql-developer-systechcorp-inc-kolkata-mumbai-new-delhi-hyderabad-pune-chennai-bengaluru-0-to-2-years-021224502145,PL/SQL Developer,0
060625029037,https://www.naukri.com/job-listings-dotnet-net-developer-with-sql-freshers-bulk-hiring-aficionado-technologies-hyderabad-pune-bengaluru-0-to-5-years-060625029037,DotNet/.net Developer with SQL - Freshers Bulk Hiring,0
271119501251,https://www.naukri.com/job-listings-hyper-ledger-developer-cashos-cashos-technologies-pte-ltd-kolkata-mumbai-new-delhi-hyderabad-pune-chennai-bengaluru-1-to-4-years-271119501251,Hyper Ledger Developer - CashOS,0
110624502048,https://www.naukri.com/job-listings-reltio-developer-netlink-software-group-america-inc-bengaluru-3-to-7-years-110624502048,Reltio Developer,0
250625501054,https://www.naukri.com/job-listings-sql-developer-clifyx-technology-bengaluru-7-to-12-years-250625501054,SQL Developer,0
110725024403,https://www.naukri.com/job-listings-modern-data-engineer-fidelity-international-bengaluru-3-to-5-years-110725024403,Modern Data Engineer,-10
100725018288,https://www.naukri.com/job-listings-data-engineer-telus-international-bengaluru-1-to-4-years-100725018288,Data Engineer,-10
110625918501,https://www.naukri.com/job-listings-etl-developer-wipro-limited-bengaluru-5-to-8-years-110625918501,ETL Developer,-10
130125506850,https://www.naukri.com/job-listings-sql-developer-pradeepit-bengaluru-2-to-4-years-130125506850,SQL Developer,-10
